grid_id,area_name,year,center_lat,center_lon,ndvi_mean,built_percent,nighttime_mean,growth_class
grid_0_0,Sargasan,2016,23.185,72.6135,0.206102,0.278295,5.470377,medium
grid_0_0,Sargasan,2017,23.185,72.6135,0.379409,0.332805,7.730955,high
grid_0_0,Sargasan,2018,23.185,72.6135,0.368327,0.359909,8.417601,high
grid_0_0,Sargasan,2019,23.185,72.6135,0.319826,0.381586,12.001056,high
grid_0_0,Sargasan,2020,23.185,72.6135,0.307136,0.413027,14.021948,high
grid_0_0,Sargasan,2021,23.185,72.6135,0.299613,0.461814,15.256912,high
grid_0_0,Sargasan,2022,23.185,72.6135,0.268092,0.503563,21.054893,high
grid_0_0,Sargasan,2023,23.185,72.6135,0.264564,0.54428,23.387093,high
grid_0_0,Sargasan,2024,23.185,72.6135,0.249753,0.556022,28.009162,high
grid_0_1,Kudasan,2016,23.185,72.6265,0.192527,0.389102,12.212081,high
grid_0_1,Kudasan,2017,23.185,72.6265,0.383896,0.433843,15.239913,high
grid_0_1,Kudasan,2018,23.185,72.6265,0.368007,0.464082,15.181549,high
grid_0_1,Kudasan,2019,23.185,72.6265,0.291595,0.465307,19.31152,high
grid_0_1,Kudasan,2020,23.185,72.6265,0.336477,0.483636,23.915517,high
grid_0_1,Kudasan,2021,23.185,72.6265,0.321098,0.502362,25.008026,high
grid_0_1,Kudasan,2022,23.185,72.6265,0.32118,0.509543,28.534929,high
grid_0_1,Kudasan,2023,23.185,72.6265,0.329022,0.527207,30.580981,high
grid_0_1,Kudasan,2024,23.185,72.6265,0.33535,0.51983,37.356037,high
grid_0_2,Randesan,2016,23.185,72.6395,0.175919,0.400583,8.631964,high
grid_0_2,Randesan,2017,23.185,72.6395,0.345129,0.430486,12.105985,high
grid_0_2,Randesan,2018,23.185,72.6395,0.33318,0.463224,11.827708,high
grid_0_2,Randesan,2019,23.185,72.6395,0.274224,0.469529,13.480863,high
grid_0_2,Randesan,2020,23.185,72.6395,0.313529,0.499068,18.908741,high
grid_0_2,Randesan,2021,23.185,72.6395,0.297695,0.530283,23.396034,high
grid_0_2,Randesan,2022,23.185,72.6395,0.275642,0.556183,25.280199,high
grid_0_2,Randesan,2023,23.185,72.6395,0.265982,0.572568,29.32122,high
grid_0_2,Randesan,2024,23.185,72.6395,0.275472,0.554401,37.660558,high
grid_0_3,Randesan,2016,23.185,72.6525,0.177687,0.19595,3.641914,medium
grid_0_3,Randesan,2017,23.185,72.6525,0.36989,0.212185,5.026177,medium
grid_0_3,Randesan,2018,23.185,72.6525,0.367749,0.24547,5.533033,medium
grid_0_3,Randesan,2019,23.185,72.6525,0.301986,0.226642,6.606704,medium
grid_0_3,Randesan,2020,23.185,72.6525,0.365921,0.241729,9.814854,medium
grid_0_3,Randesan,2021,23.185,72.6525,0.352411,0.26038,11.677499,medium
grid_0_3,Randesan,2022,23.185,72.6525,0.333277,0.279066,14.640905,high
grid_0_3,Randesan,2023,23.185,72.6525,0.344034,0.298154,18.45776,high
grid_0_3,Randesan,2024,23.185,72.6525,0.355021,0.304179,20.87039,high
grid_0_4,Gujarat International Finance Tec-City,2016,23.185,72.6655,0.202172,0.22271,2.651458,low
grid_0_4,Gujarat International Finance Tec-City,2017,23.185,72.6655,0.425023,0.249207,4.072575,low
grid_0_4,Gujarat International Finance Tec-City,2018,23.185,72.6655,0.411926,0.265888,4.500318,medium
grid_0_4,Gujarat International Finance Tec-City,2019,23.185,72.6655,0.364073,0.257977,4.719466,medium
grid_0_4,Gujarat International Finance Tec-City,2020,23.185,72.6655,0.411626,0.273666,6.168122,low
grid_0_4,Gujarat International Finance Tec-City,2021,23.185,72.6655,0.405471,0.282758,6.376738,medium
grid_0_4,Gujarat International Finance Tec-City,2022,23.185,72.6655,0.391091,0.300533,6.926491,medium
grid_0_4,Gujarat International Finance Tec-City,2023,23.185,72.6655,0.400248,0.30602,9.047313,medium
grid_0_4,Gujarat International Finance Tec-City,2024,23.185,72.6655,0.412506,0.31602,11.03655,medium
grid_0_5,Sector 1,2016,23.185,72.6785,0.226633,0.091315,2.137153,low
grid_0_5,Sector 1,2017,23.185,72.6785,0.440273,0.106218,2.78227,low
grid_0_5,Sector 1,2018,23.185,72.6785,0.439939,0.116526,2.827511,low
grid_0_5,Sector 1,2019,23.185,72.6785,0.406704,0.11985,3.006279,low
grid_0_5,Sector 1,2020,23.185,72.6785,0.438715,0.128688,3.815907,low
grid_0_5,Sector 1,2021,23.185,72.6785,0.41816,0.148404,5.04275,medium
grid_0_5,Sector 1,2022,23.185,72.6785,0.404262,0.161017,5.629136,medium
grid_0_5,Sector 1,2023,23.185,72.6785,0.410285,0.178661,8.033655,medium
grid_0_5,Sector 1,2024,23.185,72.6785,0.416529,0.211338,14.026014,medium
grid_0_6,sector 2,2016,23.185,72.6915,0.235242,0.067945,1.439898,low
grid_0_6,sector 2,2017,23.185,72.6915,0.445286,0.074667,1.938718,low
grid_0_6,sector 2,2018,23.185,72.6915,0.454281,0.086951,2.115429,low
grid_0_6,sector 2,2019,23.185,72.6915,0.421913,0.097194,2.289649,low
grid_0_6,sector 2,2020,23.185,72.6915,0.43316,0.092837,2.395994,low
grid_0_6,sector 2,2021,23.185,72.6915,0.427287,0.108725,3.654493,low
grid_0_6,sector 2,2022,23.185,72.6915,0.418668,0.11493,3.906692,low
grid_0_6,sector 2,2023,23.185,72.6915,0.434404,0.13062,4.954433,medium
grid_0_6,sector 2,2024,23.185,72.6915,0.434326,0.131738,6.012412,medium
grid_0_7,sector 2,2016,23.185,72.7045,0.212975,0.201922,1.928424,low
grid_0_7,sector 2 ,2017,23.185,72.7045,0.380891,0.227579,2.531732,low
grid_0_7,sector 2 ,2018,23.185,72.7045,0.387504,0.243726,2.746216,low
grid_0_7,sector 2 ,2019,23.185,72.7045,0.353195,0.253761,3.032336,medium
grid_0_7,sector 2 ,2020,23.185,72.7045,0.344068,0.256098,3.180037,low
grid_0_7,sector 2,2021,23.185,72.7045,0.344394,0.261865,7.852611,medium
grid_0_7,sector 2,2022,23.185,72.7045,0.338531,0.263561,7.925424,low
grid_0_7,sector 2 ,2023,23.185,72.7045,0.359607,0.282023,9.690539,medium
grid_0_7,sector 2 ,2024,23.185,72.7045,0.356599,0.287754,8.816266,medium
grid_0_8,Nabhoi,2016,23.185,72.7175,0.229267,0.099944,1.467483,low
grid_0_8,Nabhoi,2017,23.185,72.7175,0.424532,0.131662,2.058268,low
grid_0_8,Nabhoi,2018,23.185,72.7175,0.422587,0.145324,2.212721,low
grid_0_8,Nabhoi,2019,23.185,72.7175,0.400259,0.153315,2.516606,medium
grid_0_8,Nabhoi,2020,23.185,72.7175,0.417773,0.143198,2.737316,low
grid_0_8,Nabhoi,2021,23.185,72.7175,0.411981,0.145127,6.147647,low
grid_0_8,Nabhoi,2022,23.185,72.7175,0.430453,0.150616,7.49362,low
grid_0_8,Nabhoi,2023,23.185,72.7175,0.450953,0.172622,8.538077,medium
grid_0_8,Nabhoi,2024,23.185,72.7175,0.439716,0.172614,7.149291,medium
grid_0_9,kalyanpura,2016,23.185,72.7305,0.252386,0.137382,1.273892,low
grid_0_9,kalyanpura,2017,23.185,72.7305,0.461469,0.148353,1.450351,low
grid_0_9,kalyanpura,2018,23.185,72.7305,0.4693,0.165403,1.503881,low
grid_0_9,kalyanpura,2019,23.185,72.7305,0.45666,0.172973,1.62025,low
grid_0_9,kalyanpura,2020,23.185,72.7305,0.464105,0.176519,1.6674,low
grid_0_9,kalyanpura,2021,23.185,72.7305,0.45791,0.181703,2.646735,low
grid_0_9,kalyanpura,2022,23.185,72.7305,0.460927,0.208119,2.694575,medium
grid_0_9,kalyanpura,2023,23.185,72.7305,0.489872,0.214761,3.100658,medium
grid_0_9,kalyanpura,2024,23.185,72.7305,0.47179,0.204856,3.339544,medium
grid_1_0,somnath park society,2016,23.195,72.6135,0.154421,0.495805,10.084543,high
grid_1_0,somnath park society,2017,23.195,72.6135,0.28433,0.53941,15.352845,high
grid_1_0,somnath park society,2018,23.195,72.6135,0.267442,0.55173,15.403474,high
grid_1_0,somnath park society,2019,23.195,72.6135,0.221367,0.571316,21.176273,high
grid_1_0,somnath park society,2020,23.195,72.6135,0.229277,0.582208,23.508235,high
grid_1_0,somnath park society,2021,23.195,72.6135,0.223412,0.596573,26.314278,high
grid_1_0,somnath park society,2022,23.195,72.6135,0.219449,0.600114,30.248935,high
grid_1_0,somnath park society,2023,23.195,72.6135,0.213894,0.628768,33.825347,high
grid_1_0,somnath park society,2024,23.195,72.6135,0.208654,0.625408,38.062746,high
grid_1_1,Infocity,2016,23.195,72.6265,0.220622,0.265922,10.895688,high
grid_1_1,Infocity,2017,23.195,72.6265,0.49855,0.278339,13.926441,high
grid_1_1,Infocity,2018,23.195,72.6265,0.505289,0.303494,12.682454,high
grid_1_1,Infocity,2019,23.195,72.6265,0.383403,0.279369,15.511456,high
grid_1_1,Infocity,2020,23.195,72.6265,0.486551,0.292306,15.667673,high
grid_1_1,Infocity,2021,23.195,72.6265,0.448381,0.287963,18.930848,high
grid_1_1,Infocity,2022,23.195,72.6265,0.445226,0.309425,23.710188,high
grid_1_1,Infocity,2023,23.195,72.6265,0.441787,0.322452,27.013201,high
grid_1_1,Infocity,2024,23.195,72.6265,0.472355,0.321353,30.565827,high
grid_1_2,Infocity,2016,23.195,72.6395,0.195054,0.38473,9.761211,high
grid_1_2,Infocity,2017,23.195,72.6395,0.418012,0.415423,11.675131,high
grid_1_2,Infocity,2018,23.195,72.6395,0.419406,0.436744,10.465006,high
grid_1_2,Infocity,2019,23.195,72.6395,0.351257,0.412689,12.123233,high
grid_1_2,Infocity,2020,23.195,72.6395,0.406995,0.410296,11.457951,high
grid_1_2,Infocity,2021,23.195,72.6395,0.36124,0.450285,19.115069,high
grid_1_2,Infocity,2022,23.195,72.6395,0.337966,0.510584,36.252378,high
grid_1_2,Infocity,2023,23.195,72.6395,0.340527,0.536001,32.988291,high
grid_1_2,Infocity,2024,23.195,72.6395,0.346521,0.526344,32.298397,high
grid_1_3,Dholakuva,2016,23.195,72.6525,0.216092,0.21831,5.01151,medium
grid_1_3,Dholakuva,2017,23.195,72.6525,0.485566,0.222212,6.044654,medium
grid_1_3,Dholakuva,2018,23.195,72.6525,0.476954,0.252572,5.918975,medium
grid_1_3,Dholakuva,2019,23.195,72.6525,0.37511,0.229361,6.642103,medium
grid_1_3,Dholakuva,2020,23.195,72.6525,0.466467,0.239664,6.894817,medium
grid_1_3,Dholakuva,2021,23.195,72.6525,0.444339,0.240938,8.992904,medium
grid_1_3,Dholakuva,2022,23.195,72.6525,0.427684,0.252402,11.909939,medium
grid_1_3,Dholakuva,2023,23.195,72.6525,0.460843,0.257347,11.653268,medium
grid_1_3,Dholakuva,2024,23.195,72.6525,0.496017,0.25227,12.189313,medium
grid_1_4,Indroda,2016,23.195,72.6655,0.179108,0.054727,2.579036,low
grid_1_4,Indroda,2017,23.195,72.6655,0.410174,0.057154,3.587918,low
grid_1_4,Indroda,2018,23.195,72.6655,0.375957,0.070906,3.912903,medium
grid_1_4,Indroda,2019,23.195,72.6655,0.299558,0.061065,4.472503,medium
grid_1_4,Indroda,2020,23.195,72.6655,0.390198,0.063855,4.740876,low
grid_1_4,Indroda,2021,23.195,72.6655,0.392951,0.064888,5.227266,low
grid_1_4,Indroda,2022,23.195,72.6655,0.365348,0.06573,5.525102,medium
grid_1_4,Indroda,2023,23.195,72.6655,0.391439,0.062056,6.223536,low
grid_1_4,Indroda,2024,23.195,72.6655,0.44937,0.062125,6.841913,low
grid_1_5,sector 1,2016,23.195,72.6785,0.2455,0.057972,1.553612,low
grid_1_5,sector 1,2017,23.195,72.6785,0.529261,0.064237,2.031609,low
grid_1_5,sector 1,2018,23.195,72.6785,0.521051,0.07864,2.341185,low
grid_1_5,sector 1,2019,23.195,72.6785,0.42188,0.073197,2.577815,low
grid_1_5,sector 1,2020,23.195,72.6785,0.525719,0.083895,2.772418,low
grid_1_5,sector 1,2021,23.195,72.6785,0.493682,0.082806,3.54795,low
grid_1_5,sector 1,2022,23.195,72.6785,0.460336,0.104009,3.646338,medium
grid_1_5,sector 1,2023,23.195,72.6785,0.505135,0.112213,6.04929,low
grid_1_5,sector 1,2024,23.195,72.6785,0.537403,0.109831,8.160998,medium
grid_1_6,Sector 2,2016,23.195,72.6915,0.238033,0.049215,1.35989,low
grid_1_6,Sector 2,2017,23.195,72.6915,0.421064,0.052078,1.711264,low
grid_1_6,Sector 2,2018,23.195,72.6915,0.473159,0.052876,1.972563,low
grid_1_6,Sector 2,2019,23.195,72.6915,0.43884,0.060728,2.164965,low
grid_1_6,Sector 2,2020,23.195,72.6915,0.436756,0.053094,2.258548,low
grid_1_6,Sector 2,2021,23.195,72.6915,0.42452,0.056818,3.040823,low
grid_1_6,Sector 2,2022,23.195,72.6915,0.440411,0.059022,3.115819,low
grid_1_6,Sector 2,2023,23.195,72.6915,0.480184,0.059339,4.875303,low
grid_1_6,Sector 2,2024,23.195,72.6915,0.443829,0.056628,5.980646,low
grid_1_7,Sector 4,2016,23.195,72.7045,0.221921,0.068235,1.500042,low
grid_1_7,Sector 4,2017,23.195,72.7045,0.39671,0.081439,1.844115,low
grid_1_7,Sector 4,2018,23.195,72.7045,0.417251,0.079921,2.101695,low
grid_1_7,Sector 4,2019,23.195,72.7045,0.376609,0.086915,2.186731,low
grid_1_7,Sector 4,2020,23.195,72.7045,0.394358,0.081345,2.216574,low
grid_1_7,Sector 4,2021,23.195,72.7045,0.407445,0.091853,5.682225,low
grid_1_7,Sector 4,2022,23.195,72.7045,0.400462,0.103867,5.45958,low
grid_1_7,Sector 4,2023,23.195,72.7045,0.429085,0.119253,6.282207,medium
grid_1_7,Sector 4,2024,23.195,72.7045,0.419794,0.11212,5.865363,medium
grid_1_8,por,2016,23.195,72.7175,0.228373,0.161551,2.351092,low
grid_1_8,por,2017,23.195,72.7175,0.42583,0.19714,2.753447,medium
grid_1_8,por,2018,23.195,72.7175,0.413165,0.2215,2.920131,medium
grid_1_8,por,2019,23.195,72.7175,0.400634,0.223891,3.126319,medium
grid_1_8,por,2020,23.195,72.7175,0.415052,0.224642,2.672452,low
grid_1_8,por,2021,23.195,72.7175,0.415548,0.220168,8.159696,low
grid_1_8,por,2022,23.195,72.7175,0.415744,0.225882,9.721275,medium
grid_1_8,por,2023,23.195,72.7175,0.433941,0.252673,10.358108,medium
grid_1_8,por,2024,23.195,72.7175,0.434839,0.264576,8.868051,medium
grid_1_9,por / nabhoi,2016,23.195,72.7305,0.244782,0.130606,1.519673,low
grid_1_9,por / nabhoi,2017,23.195,72.7305,0.442043,0.152229,1.770674,low
grid_1_9,por / nabhoi,2018,23.195,72.7305,0.473884,0.156837,1.778966,low
grid_1_9,por / nabhoi,2019,23.195,72.7305,0.450799,0.159047,1.871125,low
grid_1_9,por / nabhoi,2020,23.195,72.7305,0.45943,0.155297,1.917748,low
grid_1_9,por / nabhoi,2021,23.195,72.7305,0.46187,0.161138,3.188075,low
grid_1_9,por / nabhoi,2022,23.195,72.7305,0.457749,0.171511,3.178457,low
grid_1_9,por / nabhoi,2023,23.195,72.7305,0.486925,0.183523,3.448348,low
grid_1_9,por / nabhoi,2024,23.195,72.7305,0.472425,0.192873,3.926362,medium
grid_2_0,Sargasan,2016,23.205,72.6135,0.19131,0.164387,4.703639,medium
grid_2_0,Sargasan,2017,23.205,72.6135,0.392094,0.19006,7.396194,medium
grid_2_0,Sargasan,2018,23.205,72.6135,0.368935,0.197171,7.612258,medium
grid_2_0,Sargasan,2019,23.205,72.6135,0.300456,0.22851,8.815909,high
grid_2_0,Sargasan,2020,23.205,72.6135,0.331646,0.231398,9.863016,medium
grid_2_0,Sargasan,2021,23.205,72.6135,0.319674,0.241353,11.44329,high
grid_2_0,Sargasan,2022,23.205,72.6135,0.305955,0.284129,12.755949,high
grid_2_0,Sargasan,2023,23.205,72.6135,0.314755,0.358281,16.211293,high
grid_2_0,Sargasan,2024,23.205,72.6135,0.308461,0.405173,20.469035,high
grid_2_1,Sector 3B,2016,23.205,72.6265,0.156743,0.554674,8.811421,high
grid_2_1,Sector 3B,2017,23.205,72.6265,0.283588,0.606136,13.693959,high
grid_2_1,Sector 3B,2018,23.205,72.6265,0.290384,0.602258,12.029587,high
grid_2_1,Sector 3B,2019,23.205,72.6265,0.252954,0.594175,13.443728,high
grid_2_1,Sector 3B,2020,23.205,72.6265,0.275634,0.587314,12.420978,high
grid_2_1,Sector 3B,2021,23.205,72.6265,0.275628,0.602445,14.401689,high
grid_2_1,Sector 3B,2022,23.205,72.6265,0.282212,0.606433,14.891829,high
grid_2_1,Sector 3B,2023,23.205,72.6265,0.289841,0.610602,16.783972,high
grid_2_1,Sector 3B,2024,23.205,72.6265,0.284293,0.603533,18.450179,high
grid_2_2,Sector 6,2016,23.205,72.6395,0.139309,0.635308,11.779658,high
grid_2_2,Sector 6,2017,23.205,72.6395,0.252081,0.690791,15.18292,high
grid_2_2,Sector 6,2018,23.205,72.6395,0.253823,0.68528,12.953764,high
grid_2_2,Sector 6,2019,23.205,72.6395,0.220761,0.671983,14.431832,high
grid_2_2,Sector 6,2020,23.205,72.6395,0.242554,0.665325,13.892754,high
grid_2_2,Sector 6,2021,23.205,72.6395,0.242298,0.685812,15.310872,high
grid_2_2,Sector 6,2022,23.205,72.6395,0.239939,0.679943,17.333838,high
grid_2_2,Sector 6,2023,23.205,72.6395,0.249864,0.690822,18.268001,high
grid_2_2,Sector 6,2024,23.205,72.6395,0.246996,0.67207,19.80573,high
grid_2_3,Sector 8,2016,23.205,72.6525,0.179451,0.42792,11.219453,high
grid_2_3,Sector 8,2017,23.205,72.6525,0.356194,0.462277,13.056559,high
grid_2_3,Sector 8,2018,23.205,72.6525,0.345821,0.486724,12.510451,high
grid_2_3,Sector 8,2019,23.205,72.6525,0.29493,0.453717,13.770297,high
grid_2_3,Sector 8,2020,23.205,72.6525,0.339078,0.458096,14.000141,high
grid_2_3,Sector 8,2021,23.205,72.6525,0.335073,0.47416,14.404091,medium
grid_2_3,Sector 8,2022,23.205,72.6525,0.329138,0.49695,15.927807,high
grid_2_3,Sector 8,2023,23.205,72.6525,0.344803,0.505609,16.174395,high
grid_2_3,Sector 8,2024,23.205,72.6525,0.363217,0.494952,16.513628,high
grid_2_4,Sector 7,2016,23.205,72.6655,0.168397,0.119171,7.26574,medium
grid_2_4,Sector 7,2017,23.205,72.6655,0.280093,0.139631,8.096041,medium
grid_2_4,Sector 7,2018,23.205,72.6655,0.243353,0.146458,8.217475,medium
grid_2_4,Sector 7,2019,23.205,72.6655,0.271305,0.13689,9.677037,medium
grid_2_4,Sector 7,2020,23.205,72.6655,0.225102,0.143554,10.489656,medium
grid_2_4,Sector 7,2021,23.205,72.6655,0.348387,0.148516,9.986588,low
grid_2_4,Sector 7,2022,23.205,72.6655,0.353918,0.155225,10.479423,medium
grid_2_4,Sector 7,2023,23.205,72.6655,0.240851,0.150693,11.315259,medium
grid_2_4,Sector 7,2024,23.205,72.6655,0.257284,0.144468,11.320536,medium
grid_2_5,Sector 9,2016,23.205,72.6785,0.189031,0.192819,3.349233,low
grid_2_5,Sector 9,2017,23.205,72.6785,0.382366,0.215744,4.043959,low
grid_2_5,Sector 9,2018,23.205,72.6785,0.340912,0.264915,4.820545,medium
grid_2_5,Sector 9,2019,23.205,72.6785,0.293576,0.258739,5.419867,medium
grid_2_5,Sector 9,2020,23.205,72.6785,0.35654,0.271114,4.978549,low
grid_2_5,Sector 9,2021,23.205,72.6785,0.372408,0.269144,5.577312,low
grid_2_5,Sector 9,2022,23.205,72.6785,0.370211,0.266573,5.668965,low
grid_2_5,Sector 9,2023,23.205,72.6785,0.366206,0.272924,7.639916,low
grid_2_5,Sector 9,2024,23.205,72.6785,0.405511,0.269441,8.221592,low
grid_2_6,Sector 11,2016,23.205,72.6915,0.227251,0.114565,3.755564,low
grid_2_6,Sector 11,2017,23.205,72.6915,0.41414,0.133027,4.451097,low
grid_2_6,Sector 11,2018,23.205,72.6915,0.448148,0.141299,5.135034,low
grid_2_6,Sector 11,2019,23.205,72.6915,0.440821,0.151588,6.1052,medium
grid_2_6,Sector 11,2020,23.205,72.6915,0.441901,0.15812,5.595007,low
grid_2_6,Sector 11,2021,23.205,72.6915,0.426707,0.17107,6.161465,medium
grid_2_6,Sector 11,2022,23.205,72.6915,0.436663,0.16888,6.925172,low
grid_2_6,Sector 11,2023,23.205,72.6915,0.467024,0.180083,10.278704,medium
grid_2_6,Sector 11,2024,23.205,72.6915,0.455459,0.175494,11.096396,medium
grid_2_7,Sector 14,2016,23.205,72.7045,0.242122,0.075366,1.669546,low
grid_2_7,Sector 14,2017,23.205,72.7045,0.425988,0.081781,1.997959,low
grid_2_7,Sector 14,2018,23.205,72.7045,0.461546,0.081965,2.326453,low
grid_2_7,Sector 14,2019,23.205,72.7045,0.429317,0.093361,2.524627,low
grid_2_7,Sector 14,2020,23.205,72.7045,0.457049,0.088242,2.424977,low
grid_2_7,Sector 14,2021,23.205,72.7045,0.442048,0.095266,4.095555,low
grid_2_7,Sector 14,2022,23.205,72.7045,0.43582,0.103402,4.059792,low
grid_2_7,Sector 14,2023,23.205,72.7045,0.483679,0.107454,4.708585,low
grid_2_7,Sector 14,2024,23.205,72.7045,0.443184,0.100514,5.021412,low
grid_2_8,Sector 15,2016,23.205,72.7175,0.235581,0.188359,3.213859,low
grid_2_8,Sector 15,2017,23.205,72.7175,0.421052,0.214946,2.96977,low
grid_2_8,Sector 15,2018,23.205,72.7175,0.418336,0.224716,3.922419,medium
grid_2_8,Sector 15,2019,23.205,72.7175,0.388503,0.235657,4.108359,medium
grid_2_8,Sector 15,2020,23.205,72.7175,0.395884,0.225255,3.153929,low
grid_2_8,Sector 15,2021,23.205,72.7175,0.417964,0.22668,9.920575,low
grid_2_8,Sector 15,2022,23.205,72.7175,0.410841,0.231614,12.073594,medium
grid_2_8,Sector 15,2023,23.205,72.7175,0.440364,0.253404,12.386399,medium
grid_2_8,Sector 15,2024,23.205,72.7175,0.420452,0.251519,11.091106,medium
grid_2_9,por,2016,23.205,72.7305,0.242931,0.103774,1.441855,low
grid_2_9,por,2017,23.205,72.7305,0.452092,0.122924,1.631225,low
grid_2_9,por,2018,23.205,72.7305,0.459539,0.12889,1.912728,low
grid_2_9,por,2019,23.205,72.7305,0.448431,0.132787,2.055523,low
grid_2_9,por,2020,23.205,72.7305,0.45171,0.133202,2.033939,low
grid_2_9,por,2021,23.205,72.7305,0.4641,0.144156,3.897404,low
grid_2_9,por,2022,23.205,72.7305,0.469329,0.146412,4.580135,low
grid_2_9,por,2023,23.205,72.7305,0.501381,0.155794,4.879172,low
grid_2_9,por,2024,23.205,72.7305,0.480497,0.15502,4.908175,medium
grid_3_0,Sector 16,2016,23.215,72.6135,0.190077,0.094937,3.510714,low
grid_3_0,Sector 16,2017,23.215,72.6135,0.388781,0.111988,4.328634,medium
grid_3_0,Sector 16,2018,23.215,72.6135,0.374226,0.117648,4.517584,medium
grid_3_0,Sector 16,2019,23.215,72.6135,0.327627,0.148881,6.176014,medium
grid_3_0,Sector 16,2020,23.215,72.6135,0.368733,0.150536,7.190145,medium
grid_3_0,Sector 16,2021,23.215,72.6135,0.363697,0.157093,7.945268,medium
grid_3_0,Sector 16,2022,23.215,72.6135,0.34765,0.180892,9.086401,medium
grid_3_0,Sector 16,2023,23.215,72.6135,0.374779,0.211647,10.538884,high
grid_3_0,Sector 16,2024,23.215,72.6135,0.37884,0.208279,12.581372,high
grid_3_1,Sector 5A,2016,23.215,72.6265,0.165108,0.505553,8.550868,high
grid_3_1,Sector 5A,2017,23.215,72.6265,0.326629,0.547223,11.94996,high
grid_3_1,Sector 5A,2018,23.215,72.6265,0.328094,0.54802,10.596598,high
grid_3_1,Sector 5A,2019,23.215,72.6265,0.284449,0.538515,12.145615,high
grid_3_1,Sector 5A,2020,23.215,72.6265,0.316172,0.539726,12.155546,high
grid_3_1,Sector 5A,2021,23.215,72.6265,0.307758,0.555567,12.826043,high
grid_3_1,Sector 5A,2022,23.215,72.6265,0.31111,0.562985,12.561877,high
grid_3_1,Sector 5A,2023,23.215,72.6265,0.331184,0.56339,14.189937,high
grid_3_1,Sector 5A,2024,23.215,72.6265,0.332041,0.557877,15.125226,high
grid_3_2,Sector 7/B,2016,23.215,72.6395,0.159249,0.567818,16.520534,high
grid_3_2,Sector 7/B,2017,23.215,72.6395,0.30478,0.612074,19.538477,high
grid_3_2,Sector 7/B,2018,23.215,72.6395,0.307961,0.616553,16.851908,high
grid_3_2,Sector 7/B,2019,23.215,72.6395,0.265528,0.609322,19.765517,high
grid_3_2,Sector 7/B,2020,23.215,72.6395,0.285801,0.595076,18.065097,high
grid_3_2,Sector 7/B,2021,23.215,72.6395,0.280939,0.614468,18.233168,high
grid_3_2,Sector 7/B,2022,23.215,72.6395,0.277793,0.621036,21.389287,high
grid_3_2,Sector 7/B,2023,23.215,72.6395,0.286786,0.625232,24.676837,high
grid_3_2,Sector 7/B,2024,23.215,72.6395,0.28844,0.618886,28.481059,high
grid_3_3,Sector 10A,2016,23.215,72.6525,0.183525,0.420019,21.874817,high
grid_3_3,Sector 10A,2017,23.215,72.6525,0.355757,0.462731,27.235957,high
grid_3_3,Sector 10A,2018,23.215,72.6525,0.359396,0.482191,22.107536,high
grid_3_3,Sector 10A,2019,23.215,72.6525,0.303916,0.467728,25.499068,high
grid_3_3,Sector 10A,2020,23.215,72.6525,0.340371,0.473793,24.694046,high
grid_3_3,Sector 10A,2021,23.215,72.6525,0.334941,0.484714,22.59784,high
grid_3_3,Sector 10A,2022,23.215,72.6525,0.333849,0.501157,25.57257,high
grid_3_3,Sector 10A,2023,23.215,72.6525,0.347263,0.500806,26.754852,high
grid_3_3,Sector 10A,2024,23.215,72.6525,0.347165,0.510777,30.236526,high
grid_3_4,Sector 18,2016,23.215,72.6655,0.241383,0.188458,13.562323,medium
grid_3_4,Sector 18,2017,23.215,72.6655,0.543842,0.199643,15.321867,high
grid_3_4,Sector 18,2018,23.215,72.6655,0.543615,0.230243,13.057758,high
grid_3_4,Sector 18,2019,23.215,72.6655,0.41976,0.202575,16.320577,high
grid_3_4,Sector 18,2020,23.215,72.6655,0.527562,0.205726,16.613178,medium
grid_3_4,Sector 18,2021,23.215,72.6655,0.488746,0.203329,16.251969,medium
grid_3_4,Sector 18,2022,23.215,72.6655,0.490678,0.214688,17.836226,high
grid_3_4,Sector 18,2023,23.215,72.6655,0.50821,0.212612,18.269519,high
grid_3_4,Sector 18,2024,23.215,72.6655,0.549382,0.209821,19.957132,high
grid_3_5,sector 20,2016,23.215,72.6785,0.184182,0.123431,6.617749,low
grid_3_5,sector 20,2017,23.215,72.6785,0.313224,0.130237,7.354672,low
grid_3_5,sector 20,2018,23.215,72.6785,0.310817,0.147514,7.856796,medium
grid_3_5,sector 20,2019,23.215,72.6785,0.283245,0.124752,9.056849,medium
grid_3_5,sector 20,2020,23.215,72.6785,0.272714,0.135415,8.678853,medium
grid_3_5,sector 20,2021,23.215,72.6785,0.367737,0.140406,9.327222,low
grid_3_5,sector 20,2022,23.215,72.6785,0.383227,0.145685,9.633911,medium
grid_3_5,sector 20,2023,23.215,72.6785,0.272101,0.146532,11.137565,medium
grid_3_5,sector 20,2024,23.215,72.6785,0.300432,0.139632,10.920829,medium
grid_3_6,Sector 21,2016,23.215,72.6915,0.194573,0.2068,5.025287,low
grid_3_6,Sector 21,2017,23.215,72.6915,0.379968,0.248409,5.789257,medium
grid_3_6,Sector 21,2018,23.215,72.6915,0.349168,0.295532,7.058433,high
grid_3_6,Sector 21,2019,23.215,72.6915,0.319327,0.319867,8.464931,high
grid_3_6,Sector 21,2020,23.215,72.6915,0.33547,0.352018,9.193035,high
grid_3_6,Sector 21,2021,23.215,72.6915,0.36252,0.341496,11.116481,medium
grid_3_6,Sector 21,2022,23.215,72.6915,0.340831,0.339911,13.572267,medium
grid_3_6,Sector 21,2023,23.215,72.6915,0.373637,0.363971,16.055722,medium
grid_3_6,Sector 21,2024,23.215,72.6915,0.387732,0.342177,16.74719,medium
grid_3_7,Sector 23,2016,23.215,72.7045,0.254366,0.082577,1.891026,low
grid_3_7,Sector 23,2017,23.215,72.7045,0.470211,0.085954,2.230791,low
grid_3_7,Sector 23,2018,23.215,72.7045,0.482222,0.09611,2.609632,low
grid_3_7,Sector 23,2019,23.215,72.7045,0.434799,0.121447,2.915194,medium
grid_3_7,Sector 23,2020,23.215,72.7045,0.467654,0.111897,2.900874,low
grid_3_7,Sector 23,2021,23.215,72.7045,0.464372,0.122259,4.081432,medium
grid_3_7,Sector 23,2022,23.215,72.7045,0.471686,0.12257,4.879566,low
grid_3_7,Sector 23,2023,23.215,72.7045,0.49611,0.135325,5.779695,medium
grid_3_7,Sector 23,2024,23.215,72.7045,0.478082,0.136452,6.346079,medium
grid_3_8,Chiloda,2016,23.215,72.7175,0.24255,0.109567,1.891701,low
grid_3_8,Chiloda,2017,23.215,72.7175,0.452558,0.121917,2.028542,low
grid_3_8,Chiloda,2018,23.215,72.7175,0.457749,0.133511,2.422956,low
grid_3_8,Chiloda,2019,23.215,72.7175,0.41635,0.145269,2.683736,medium
grid_3_8,Chiloda,2020,23.215,72.7175,0.441673,0.132968,2.478951,low
grid_3_8,Chiloda,2021,23.215,72.7175,0.442013,0.138416,5.446908,low
grid_3_8,Chiloda,2022,23.215,72.7175,0.448712,0.152391,6.644159,low
grid_3_8,Chiloda,2023,23.215,72.7175,0.473754,0.163937,6.921245,medium
grid_3_8,Chiloda,2024,23.215,72.7175,0.460745,0.155347,6.953235,medium
grid_3_9,Chiloda,2016,23.215,72.7305,0.224283,0.129723,2.276847,low
grid_3_9,Chiloda,2017,23.215,72.7305,0.41696,0.157206,2.559441,medium
grid_3_9,Chiloda,2018,23.215,72.7305,0.413283,0.161545,2.786024,medium
grid_3_9,Chiloda,2019,23.215,72.7305,0.384138,0.172048,3.215703,medium
grid_3_9,Chiloda,2020,23.215,72.7305,0.409322,0.172089,3.25039,low
grid_3_9,Chiloda,2021,23.215,72.7305,0.387519,0.182558,7.820307,medium
grid_3_9,Chiloda,2022,23.215,72.7305,0.39388,0.191633,11.988291,medium
grid_3_9,Chiloda,2023,23.215,72.7305,0.406553,0.208202,11.841502,medium
grid_3_9,Chiloda,2024,23.215,72.7305,0.401152,0.210724,10.878526,medium
grid_4_0,Vavol,2016,23.225,72.6135,0.154928,0.264451,4.440885,medium
grid_4_0,Vavol,2017,23.225,72.6135,0.289365,0.315828,5.115105,high
grid_4_0,Vavol,2018,23.225,72.6135,0.262883,0.307433,5.580135,medium
grid_4_0,Vavol,2019,23.225,72.6135,0.229167,0.331593,7.260824,high
grid_4_0,Vavol,2020,23.225,72.6135,0.273096,0.353709,7.39347,medium
grid_4_0,Vavol,2021,23.225,72.6135,0.265783,0.370458,9.656136,high
grid_4_0,Vavol,2022,23.225,72.6135,0.250379,0.391145,12.451473,high
grid_4_0,Vavol,2023,23.225,72.6135,0.243573,0.436904,14.200445,high
grid_4_0,Vavol,2024,23.225,72.6135,0.254365,0.446636,15.32067,high
grid_4_1,Sector 13B,2016,23.225,72.6265,0.166719,0.440939,11.221026,high
grid_4_1,Sector 13B,2017,23.225,72.6265,0.313572,0.480296,13.754195,high
grid_4_1,Sector 13B,2018,23.225,72.6265,0.306582,0.488872,13.630568,high
grid_4_1,Sector 13B,2019,23.225,72.6265,0.261639,0.484494,15.285409,high
grid_4_1,Sector 13B,2020,23.225,72.6265,0.294126,0.496576,13.972379,high
grid_4_1,Sector 13B,2021,23.225,72.6265,0.288808,0.507329,16.083314,high
grid_4_1,Sector 13B,2022,23.225,72.6265,0.288127,0.521815,19.486222,high
grid_4_1,Sector 13B,2023,23.225,72.6265,0.289876,0.542609,21.668886,high
grid_4_1,Sector 13B,2024,23.225,72.6265,0.285905,0.526891,24.74321,high
grid_4_2,Sector 12B,2016,23.225,72.6395,0.193026,0.519992,19.661987,high
grid_4_2,Sector 12B,2017,23.225,72.6395,0.378748,0.55856,22.724435,high
grid_4_2,Sector 12B,2018,23.225,72.6395,0.379785,0.564029,17.701208,high
grid_4_2,Sector 12B,2019,23.225,72.6395,0.334349,0.54795,21.239435,high
grid_4_2,Sector 12B,2020,23.225,72.6395,0.367896,0.553649,17.272872,high
grid_4_2,Sector 12B,2021,23.225,72.6395,0.362078,0.560216,16.450261,high
grid_4_2,Sector 12B,2022,23.225,72.6395,0.359546,0.555115,21.87095,high
grid_4_2,Sector 12B,2023,23.225,72.6395,0.372468,0.564221,24.280638,high
grid_4_2,Sector 12B,2024,23.225,72.6395,0.373561,0.539592,29.409288,high
grid_4_3,Sector 13,2016,23.225,72.6525,0.180775,0.508612,20.318559,high
grid_4_3,Sector 13,2017,23.225,72.6525,0.351163,0.540769,25.159434,high
grid_4_3,Sector 13,2018,23.225,72.6525,0.354268,0.540405,19.455273,high
grid_4_3,Sector 13,2019,23.225,72.6525,0.314141,0.530011,21.869591,high
grid_4_3,Sector 13,2020,23.225,72.6525,0.334832,0.53306,19.29062,high
grid_4_3,Sector 13,2021,23.225,72.6525,0.327602,0.532564,19.111474,high
grid_4_3,Sector 13,2022,23.225,72.6525,0.335142,0.542457,25.209856,high
grid_4_3,Sector 13,2023,23.225,72.6525,0.352245,0.526885,24.980812,high
grid_4_3,Sector 13,2024,23.225,72.6525,0.356264,0.518907,30.518668,high
grid_4_4,Sector 19,2016,23.225,72.6655,0.206087,0.542408,17.017504,high
grid_4_4,Sector 19,2017,23.225,72.6655,0.414372,0.581922,18.718542,high
grid_4_4,Sector 19,2018,23.225,72.6655,0.426377,0.605847,16.01059,high
grid_4_4,Sector 19,2019,23.225,72.6655,0.362826,0.584126,18.175151,high
grid_4_4,Sector 19,2020,23.225,72.6655,0.415975,0.57936,17.05583,high
grid_4_4,Sector 19,2021,23.225,72.6655,0.397788,0.58854,18.064394,high
grid_4_4,Sector 19,2022,23.225,72.6655,0.400473,0.602817,20.703443,high
grid_4_4,Sector 19,2023,23.225,72.6655,0.42293,0.593302,24.784181,high
grid_4_4,Sector 19,2024,23.225,72.6655,0.429977,0.577399,26.814439,high
grid_4_5,Borij,2016,23.225,72.6785,0.210656,0.459276,12.167074,medium
grid_4_5,Borij,2017,23.225,72.6785,0.414833,0.494059,13.324278,high
grid_4_5,Borij,2018,23.225,72.6785,0.412779,0.528076,12.736186,high
grid_4_5,Borij,2019,23.225,72.6785,0.375405,0.494476,14.31329,high
grid_4_5,Borij,2020,23.225,72.6785,0.409379,0.504952,13.284756,medium
grid_4_5,Borij,2021,23.225,72.6785,0.417425,0.50952,14.224636,medium
grid_4_5,Borij,2022,23.225,72.6785,0.423027,0.523029,15.717913,high
grid_4_5,Borij,2023,23.225,72.6785,0.412765,0.516251,17.547427,high
grid_4_5,Borij,2024,23.225,72.6785,0.426779,0.502828,17.86821,medium
grid_4_6,Sector 24,2016,23.225,72.6915,0.178434,0.164773,3.597465,low
grid_4_6,Sector 24,2017,23.225,72.6915,0.28659,0.176568,4.304973,medium
grid_4_6,Sector 24,2018,23.225,72.6915,0.258234,0.208434,4.579985,medium
grid_4_6,Sector 24,2019,23.225,72.6915,0.262256,0.197392,5.376411,medium
grid_4_6,Sector 24,2020,23.225,72.6915,0.220423,0.206974,5.053741,medium
grid_4_6,Sector 24,2021,23.225,72.6915,0.325841,0.214984,6.159224,low
grid_4_6,Sector 24,2022,23.225,72.6915,0.306703,0.225722,7.143287,medium
grid_4_6,Sector 24,2023,23.225,72.6915,0.241441,0.244248,10.679123,medium
grid_4_6,Sector 24,2024,23.225,72.6915,0.243625,0.239458,10.823726,medium
grid_4_7,Sector 27,2016,23.225,72.7045,0.230283,0.172057,2.54797,low
grid_4_7,Sector 27,2017,23.225,72.7045,0.485938,0.179246,3.123903,low
grid_4_7,Sector 27,2018,23.225,72.7045,0.454325,0.201736,3.396034,low
grid_4_7,Sector 27,2019,23.225,72.7045,0.373945,0.185091,3.812624,low
grid_4_7,Sector 27,2020,23.225,72.7045,0.459949,0.199198,3.406724,low
grid_4_7,Sector 27,2021,23.225,72.7045,0.447781,0.206579,4.47065,low
grid_4_7,Sector 27,2022,23.225,72.7045,0.436934,0.21815,5.154417,medium
grid_4_7,Sector 27,2023,23.225,72.7045,0.456739,0.218439,6.925191,medium
grid_4_7,Sector 27,2024,23.225,72.7045,0.507691,0.207792,7.269842,low
grid_4_8,Sector 27,2016,23.225,72.7175,0.23554,0.134409,2.716852,low
grid_4_8,Sector 27,2017,23.225,72.7175,0.519234,0.156176,3.167018,low
grid_4_8,Sector 27,2018,23.225,72.7175,0.475025,0.205651,3.561678,medium
grid_4_8,Sector 27,2019,23.225,72.7175,0.371697,0.159164,3.659319,medium
grid_4_8,Sector 27,2020,23.225,72.7175,0.498254,0.168981,3.404011,low
grid_4_8,Sector 27,2021,23.225,72.7175,0.443887,0.169695,4.508667,low
grid_4_8,Sector 27,2022,23.225,72.7175,0.462958,0.18309,5.511104,medium
grid_4_8,Sector 27,2023,23.225,72.7175,0.483605,0.189788,6.145133,medium
grid_4_8,Sector 27,2024,23.225,72.7175,0.531355,0.186972,6.628914,medium
grid_4_9,Chiloda,2016,23.225,72.7305,0.186452,0.41346,4.621052,low
grid_4_9,Chiloda,2017,23.225,72.7305,0.335786,0.450126,4.865636,medium
grid_4_9,Chiloda,2018,23.225,72.7305,0.334434,0.459592,5.032302,medium
grid_4_9,Chiloda,2019,23.225,72.7305,0.300025,0.464697,5.322248,medium
grid_4_9,Chiloda,2020,23.225,72.7305,0.315319,0.461594,5.348236,medium
grid_4_9,Chiloda,2021,23.225,72.7305,0.313731,0.47059,9.49389,medium
grid_4_9,Chiloda,2022,23.225,72.7305,0.316882,0.477573,14.377575,medium
grid_4_9,Chiloda,2023,23.225,72.7305,0.310327,0.494208,14.79249,medium
grid_4_9,Chiloda,2024,23.225,72.7305,0.293249,0.503638,13.298667,medium
grid_5_0,Sector 16,2016,23.235,72.6135,0.20719,0.12537,3.163758,low
grid_5_0,Sector 16,2017,23.235,72.6135,0.380977,0.148453,4.219541,medium
grid_5_0,Sector 16,2018,23.235,72.6135,0.372473,0.159305,4.216386,medium
grid_5_0,Sector 16,2019,23.235,72.6135,0.319159,0.180049,4.195068,medium
grid_5_0,Sector 16,2020,23.235,72.6135,0.362246,0.181188,3.824173,medium
grid_5_0,Sector 16,2021,23.235,72.6135,0.37469,0.195128,5.402878,medium
grid_5_0,Sector 16,2022,23.235,72.6135,0.355468,0.205819,6.836475,medium
grid_5_0,Sector 16,2023,23.235,72.6135,0.354404,0.225936,8.032889,medium
grid_5_0,Sector 16,2024,23.235,72.6135,0.343382,0.236907,8.469627,medium
grid_5_1,Vavol,2016,23.235,72.6265,0.171929,0.376392,11.386402,high
grid_5_1,Vavol,2017,23.235,72.6265,0.310581,0.437395,14.950486,high
grid_5_1,Vavol,2018,23.235,72.6265,0.278383,0.473207,17.701353,high
grid_5_1,Vavol,2019,23.235,72.6265,0.223276,0.507193,16.460214,high
grid_5_1,Vavol,2020,23.235,72.6265,0.254837,0.525398,14.10605,high
grid_5_1,Vavol,2021,23.235,72.6265,0.255684,0.510018,22.140895,high
grid_5_1,Vavol,2022,23.235,72.6265,0.261519,0.504645,27.728019,high
grid_5_1,Vavol,2023,23.235,72.6265,0.267056,0.534569,28.180906,high
grid_5_1,Vavol,2024,23.235,72.6265,0.267644,0.53173,32.046746,high
grid_5_2,Sector 6,2016,23.235,72.6395,0.173462,0.487496,13.92747,high
grid_5_2,Sector 6,2017,23.235,72.6395,0.325676,0.521651,17.959298,high
grid_5_2,Sector 6,2018,23.235,72.6395,0.324964,0.519044,15.370948,high
grid_5_2,Sector 6,2019,23.235,72.6395,0.285132,0.511138,17.176633,high
grid_5_2,Sector 6,2020,23.235,72.6395,0.312417,0.511086,15.293896,high
grid_5_2,Sector 6,2021,23.235,72.6395,0.311373,0.51753,16.596598,high
grid_5_2,Sector 6,2022,23.235,72.6395,0.306884,0.529178,18.934899,high
grid_5_2,Sector 6,2023,23.235,72.6395,0.313888,0.536465,20.741617,high
grid_5_2,Sector 6,2024,23.235,72.6395,0.309955,0.528261,24.091966,high
grid_5_3,Sector 22,2016,23.235,72.6525,0.169139,0.604955,12.152597,high
grid_5_3,Sector 22,2017,23.235,72.6525,0.316283,0.644697,15.241348,high
grid_5_3,Sector 22,2018,23.235,72.6525,0.320238,0.665582,13.875709,high
grid_5_3,Sector 22,2019,23.235,72.6525,0.283447,0.654258,15.025242,high
grid_5_3,Sector 22,2020,23.235,72.6525,0.308152,0.639615,13.540066,high
grid_5_3,Sector 22,2021,23.235,72.6525,0.305139,0.65846,14.789597,high
grid_5_3,Sector 22,2022,23.235,72.6525,0.31199,0.662223,17.950769,high
grid_5_3,Sector 22,2023,23.235,72.6525,0.319093,0.653866,19.67659,high
grid_5_3,Sector 22,2024,23.235,72.6525,0.316693,0.644351,21.580145,high
grid_5_4,Sector 30,2016,23.235,72.6655,0.170295,0.605055,13.664843,high
grid_5_4,Sector 30,2017,23.235,72.6655,0.304163,0.639344,15.155222,high
grid_5_4,Sector 30,2018,23.235,72.6655,0.304989,0.672645,14.299271,high
grid_5_4,Sector 30,2019,23.235,72.6655,0.272433,0.651848,15.475463,high
grid_5_4,Sector 30,2020,23.235,72.6655,0.303575,0.641585,14.466723,high
grid_5_4,Sector 30,2021,23.235,72.6655,0.293934,0.655785,15.53491,high
grid_5_4,Sector 30,2022,23.235,72.6655,0.299458,0.660212,18.002317,high
grid_5_4,Sector 30,2023,23.235,72.6655,0.310371,0.657797,20.969378,high
grid_5_4,Sector 30,2024,23.235,72.6655,0.309275,0.653888,22.52221,high
grid_5_5,Borij,2016,23.235,72.6785,0.20243,0.392569,9.2478,high
grid_5_5,Borij,2017,23.235,72.6785,0.430058,0.401972,9.793733,high
grid_5_5,Borij,2018,23.235,72.6785,0.413393,0.436742,9.770277,high
grid_5_5,Borij,2019,23.235,72.6785,0.348112,0.403539,11.594244,high
grid_5_5,Borij,2020,23.235,72.6785,0.424116,0.401169,11.203694,medium
grid_5_5,Borij,2021,23.235,72.6785,0.409615,0.414176,13.058018,medium
grid_5_5,Borij,2022,23.235,72.6785,0.40109,0.430736,13.521104,high
grid_5_5,Borij,2023,23.235,72.6785,0.41561,0.425781,14.717409,high
grid_5_5,Borij,2024,23.235,72.6785,0.436919,0.421817,15.365472,high
grid_5_6,Sector 30,2016,23.235,72.6915,0.191062,0.108792,5.823797,medium
grid_5_6,Sector 30,2017,23.235,72.6915,0.386961,0.112255,6.114875,medium
grid_5_6,Sector 30,2018,23.235,72.6915,0.365395,0.139315,6.4825,medium
grid_5_6,Sector 30,2019,23.235,72.6915,0.321845,0.107698,7.629653,medium
grid_5_6,Sector 30,2020,23.235,72.6915,0.347048,0.110469,6.972142,low
grid_5_6,Sector 30,2021,23.235,72.6915,0.405019,0.119484,7.653249,low
grid_5_6,Sector 30,2022,23.235,72.6915,0.375876,0.150886,7.776588,medium
grid_5_6,Sector 30,2023,23.235,72.6915,0.371211,0.15561,10.527924,medium
grid_5_6,Sector 30,2024,23.235,72.6915,0.379868,0.155076,11.024514,medium
grid_5_7,Nabhoi,2016,23.235,72.7045,0.215994,0.194541,4.781006,low
grid_5_7,Nabhoi,2017,23.235,72.7045,0.477813,0.193399,5.27083,low
grid_5_7,Nabhoi,2018,23.235,72.7045,0.41809,0.243431,5.586799,medium
grid_5_7,Nabhoi,2019,23.235,72.7045,0.33916,0.204648,6.695175,medium
grid_5_7,Nabhoi,2020,23.235,72.7045,0.444537,0.223339,5.944675,low
grid_5_7,Nabhoi,2021,23.235,72.7045,0.436824,0.219895,6.820278,low
grid_5_7,Nabhoi,2022,23.235,72.7045,0.438745,0.241663,8.041639,medium
grid_5_7,Nabhoi,2023,23.235,72.7045,0.437385,0.231651,9.767488,medium
grid_5_7,Nabhoi,2024,23.235,72.7045,0.513349,0.216151,9.85089,low
grid_5_8,Nana Chiloda Gam,2016,23.235,72.7175,0.224467,0.232837,3.388601,low
grid_5_8,Nana Chiloda Gam,2017,23.235,72.7175,0.443723,0.246439,3.778082,low
grid_5_8,Nana Chiloda Gam,2018,23.235,72.7175,0.432597,0.27562,4.127407,medium
grid_5_8,Nana Chiloda Gam,2019,23.235,72.7175,0.379843,0.261703,5.138724,medium
grid_5_8,Nana Chiloda Gam,2020,23.235,72.7175,0.418787,0.285156,5.023656,medium
grid_5_8,Nana Chiloda Gam,2021,23.235,72.7175,0.41453,0.28054,5.754424,medium
grid_5_8,Nana Chiloda Gam,2022,23.235,72.7175,0.426819,0.305065,7.013647,medium
grid_5_8,Nana Chiloda Gam,2023,23.235,72.7175,0.439582,0.327526,8.094763,medium
grid_5_8,Nana Chiloda Gam,2024,23.235,72.7175,0.446194,0.327665,8.534563,medium
grid_5_9,Nana Chiloda Gam,2016,23.235,72.7305,0.227049,0.176929,2.183775,low
grid_5_9,Nana Chiloda Gam,2017,23.235,72.7305,0.415633,0.198336,2.65954,medium
grid_5_9,Nana Chiloda Gam,2018,23.235,72.7305,0.417974,0.205023,2.946985,medium
grid_5_9,Nana Chiloda Gam,2019,23.235,72.7305,0.398221,0.208782,3.199379,medium
grid_5_9,Nana Chiloda Gam,2020,23.235,72.7305,0.394404,0.212261,3.226382,low
grid_5_9,Nana Chiloda Gam,2021,23.235,72.7305,0.372524,0.233093,4.334144,medium
grid_5_9,Nana Chiloda Gam,2022,23.235,72.7305,0.382969,0.264471,5.48861,medium
grid_5_9,Nana Chiloda Gam,2023,23.235,72.7305,0.401342,0.299168,6.323286,high
grid_5_9,Nana Chiloda Gam,2024,23.235,72.7305,0.383427,0.294269,7.056425,medium
grid_6_0,Vavol,2016,23.245,72.6135,0.219239,0.056715,1.540212,low
grid_6_0,Vavol,2017,23.245,72.6135,0.403022,0.068764,2.157053,low
grid_6_0,Vavol,2018,23.245,72.6135,0.387194,0.065247,2.559438,low
grid_6_0,Vavol,2019,23.245,72.6135,0.335772,0.076579,2.668646,medium
grid_6_0,Vavol,2020,23.245,72.6135,0.36699,0.066253,2.468261,low
grid_6_0,Vavol,2021,23.245,72.6135,0.363257,0.071178,2.824293,medium
grid_6_0,Vavol,2022,23.245,72.6135,0.364471,0.080401,3.246085,medium
grid_6_0,Vavol,2023,23.245,72.6135,0.360091,0.096724,3.67346,medium
grid_6_0,Vavol,2024,23.245,72.6135,0.388162,0.095326,4.024241,medium
grid_6_1,GIDC Electronic Estate,2016,23.245,72.6265,0.185849,0.398297,7.565052,medium
grid_6_1,GIDC Electronic Estate,2017,23.245,72.6265,0.364144,0.430129,8.768494,high
grid_6_1,GIDC Electronic Estate,2018,23.245,72.6265,0.358291,0.431036,9.220416,high
grid_6_1,GIDC Electronic Estate,2019,23.245,72.6265,0.307575,0.428017,10.044266,high
grid_6_1,GIDC Electronic Estate,2020,23.245,72.6265,0.339118,0.423226,8.49096,medium
grid_6_1,GIDC Electronic Estate,2021,23.245,72.6265,0.339885,0.435131,8.560686,medium
grid_6_1,GIDC Electronic Estate,2022,23.245,72.6265,0.322467,0.446354,10.191715,medium
grid_6_1,GIDC Electronic Estate,2023,23.245,72.6265,0.34723,0.460885,11.304174,high
grid_6_1,GIDC Electronic Estate,2024,23.245,72.6265,0.349713,0.45102,12.930693,high
grid_6_2,Sector 25,2016,23.245,72.6395,0.172384,0.493966,14.195265,high
grid_6_2,Sector 25,2017,23.245,72.6395,0.332324,0.541206,17.305249,high
grid_6_2,Sector 25,2018,23.245,72.6395,0.32669,0.557721,15.532351,high
grid_6_2,Sector 25,2019,23.245,72.6395,0.2799,0.547621,16.539066,high
grid_6_2,Sector 25,2020,23.245,72.6395,0.323244,0.542826,15.991748,high
grid_6_2,Sector 25,2021,23.245,72.6395,0.32295,0.551672,16.488591,high
grid_6_2,Sector 25,2022,23.245,72.6395,0.327209,0.556434,17.421741,high
grid_6_2,Sector 25,2023,23.245,72.6395,0.328427,0.571246,17.315257,high
grid_6_2,Sector 25,2024,23.245,72.6395,0.311758,0.56757,20.287678,high
grid_6_3,Sector 28,2016,23.245,72.6525,0.161258,0.571127,12.708377,high
grid_6_3,Sector 28,2017,23.245,72.6525,0.296611,0.612664,15.682508,high
grid_6_3,Sector 28,2018,23.245,72.6525,0.291125,0.63539,14.372534,high
grid_6_3,Sector 28,2019,23.245,72.6525,0.254408,0.623937,17.315079,high
grid_6_3,Sector 28,2020,23.245,72.6525,0.284988,0.620972,16.226991,high
grid_6_3,Sector 28,2021,23.245,72.6525,0.286187,0.628227,17.167836,high
grid_6_3,Sector 28,2022,23.245,72.6525,0.290202,0.628696,17.689155,high
grid_6_3,Sector 28,2023,23.245,72.6525,0.295467,0.636659,18.521504,high
grid_6_3,Sector 28,2024,23.245,72.6525,0.292481,0.627711,19.144588,high
grid_6_4,Sector 29,2016,23.245,72.6655,0.185565,0.515802,12.801903,high
grid_6_4,Sector 29,2017,23.245,72.6655,0.341299,0.537803,13.693139,high
grid_6_4,Sector 29,2018,23.245,72.6655,0.350578,0.584801,13.375364,high
grid_6_4,Sector 29,2019,23.245,72.6655,0.324528,0.561863,17.658111,high
grid_6_4,Sector 29,2020,23.245,72.6655,0.365948,0.560223,17.598486,high
grid_6_4,Sector 29,2021,23.245,72.6655,0.350024,0.555825,17.178776,high
grid_6_4,Sector 29,2022,23.245,72.6655,0.344131,0.568363,17.521273,high
grid_6_4,Sector 29,2023,23.245,72.6655,0.375863,0.566254,17.976817,high
grid_6_4,Sector 29,2024,23.245,72.6655,0.363941,0.561045,18.749797,high
grid_6_5,Sector 17/TPS,2016,23.245,72.6785,0.167706,0.27636,11.204014,high
grid_6_5,Sector 17/TPS,2017,23.245,72.6785,0.336969,0.283129,11.876503,high
grid_6_5,Sector 17/TPS,2018,23.245,72.6785,0.338895,0.316224,10.712747,high
grid_6_5,Sector 17/TPS,2019,23.245,72.6785,0.301382,0.289743,14.626134,high
grid_6_5,Sector 17/TPS,2020,23.245,72.6785,0.347567,0.297872,15.487806,high
grid_6_5,Sector 17/TPS,2021,23.245,72.6785,0.341137,0.299968,17.040866,medium
grid_6_5,Sector 17/TPS,2022,23.245,72.6785,0.328315,0.302562,16.92965,high
grid_6_5,Sector 17/TPS,2023,23.245,72.6785,0.353932,0.298564,17.728609,medium
grid_6_5,Sector 17/TPS,2024,23.245,72.6785,0.36141,0.310988,18.305757,high
grid_6_6,Sector 17,2016,23.245,72.6915,0.194637,0.374754,13.450421,high
grid_6_6,Sector 17,2017,23.245,72.6915,0.400682,0.403579,11.884363,high
grid_6_6,Sector 17,2018,23.245,72.6915,0.416959,0.433424,11.744762,high
grid_6_6,Sector 17,2019,23.245,72.6915,0.360973,0.405445,12.907963,high
grid_6_6,Sector 17,2020,23.245,72.6915,0.419325,0.400623,14.00058,medium
grid_6_6,Sector 17,2021,23.245,72.6915,0.414714,0.398954,13.731551,low
grid_6_6,Sector 17,2022,23.245,72.6915,0.408948,0.414255,13.538471,medium
grid_6_6,Sector 17,2023,23.245,72.6915,0.43055,0.404288,14.989332,medium
grid_6_6,Sector 17,2024,23.245,72.6915,0.446006,0.395318,15.803078,medium
grid_6_7,Sector 20,2016,23.245,72.7045,0.215815,0.275753,7.01583,medium
grid_6_7,Sector 20,2017,23.245,72.7045,0.433874,0.292461,6.754144,medium
grid_6_7,Sector 20,2018,23.245,72.7045,0.431416,0.318941,7.24404,medium
grid_6_7,Sector 20,2019,23.245,72.7045,0.374215,0.312088,8.259732,medium
grid_6_7,Sector 20,2020,23.245,72.7045,0.427951,0.32517,8.797594,medium
grid_6_7,Sector 20,2021,23.245,72.7045,0.42117,0.337293,9.491205,medium
grid_6_7,Sector 20,2022,23.245,72.7045,0.440098,0.356721,10.494203,medium
grid_6_7,Sector 20,2023,23.245,72.7045,0.452346,0.359934,11.885026,medium
grid_6_7,Sector 20,2024,23.245,72.7045,0.47711,0.342988,12.435406,medium
grid_6_8,Sector 23,2016,23.245,72.7175,0.248591,0.092827,2.199495,low
grid_6_8,Sector 23,2017,23.245,72.7175,0.43655,0.114686,2.410924,low
grid_6_8,Sector 23,2018,23.245,72.7175,0.481353,0.127486,2.738657,low
grid_6_8,Sector 23,2019,23.245,72.7175,0.468839,0.133924,3.111625,medium
grid_6_8,Sector 23,2020,23.245,72.7175,0.45758,0.131378,3.40516,low
grid_6_8,Sector 23,2021,23.245,72.7175,0.450391,0.14798,3.696882,medium
grid_6_8,Sector 23,2022,23.245,72.7175,0.470684,0.151421,4.104411,low
grid_6_8,Sector 23,2023,23.245,72.7175,0.504299,0.181375,4.737168,medium
grid_6_8,Sector 23,2024,23.245,72.7175,0.480055,0.173436,4.829089,medium
grid_6_9,Shiholi-Village,2016,23.245,72.7305,0.233163,0.239821,2.13724,low
grid_6_9,Shiholi-Village,2017,23.245,72.7305,0.419587,0.265184,2.514285,low
grid_6_9,Shiholi-Village,2018,23.245,72.7305,0.433579,0.282465,3.210675,low
grid_6_9,Shiholi-Village,2019,23.245,72.7305,0.421043,0.287177,3.405981,medium
grid_6_9,Shiholi-Village,2020,23.245,72.7305,0.411141,0.284689,3.138147,low
grid_6_9,Shiholi-Village,2021,23.245,72.7305,0.396692,0.302664,3.394297,low
grid_6_9,Shiholi-Village,2022,23.245,72.7305,0.407517,0.321404,3.961093,medium
grid_6_9,Shiholi-Village,2023,23.245,72.7305,0.422722,0.337631,4.734267,medium
grid_6_9,Shiholi-Village,2024,23.245,72.7305,0.401739,0.338489,5.235023,medium
grid_7_0,Pethapur,2016,23.255,72.6135,0.196414,0.260304,2.369881,low
grid_7_0,Pethapur,2017,23.255,72.6135,0.373801,0.286873,3.111121,medium
grid_7_0,Pethapur,2018,23.255,72.6135,0.362522,0.284538,3.765112,medium
grid_7_0,Pethapur,2019,23.255,72.6135,0.337998,0.280019,3.58839,medium
grid_7_0,Pethapur,2020,23.255,72.6135,0.359916,0.284157,3.389161,low
grid_7_0,Pethapur,2021,23.255,72.6135,0.366673,0.297859,3.604523,low
grid_7_0,Pethapur,2022,23.255,72.6135,0.349497,0.298928,5.564896,medium
grid_7_0,Pethapur,2023,23.255,72.6135,0.326575,0.317049,5.93403,medium
grid_7_0,Pethapur,2024,23.255,72.6135,0.328113,0.311258,5.73786,medium
grid_7_1,Pethapur,2016,23.255,72.6265,0.198801,0.232697,4.409828,medium
grid_7_1,Pethapur,2017,23.255,72.6265,0.411913,0.280424,4.963385,medium
grid_7_1,Pethapur,2018,23.255,72.6265,0.421427,0.288087,5.924957,medium
grid_7_1,Pethapur,2019,23.255,72.6265,0.339549,0.295853,6.07438,high
grid_7_1,Pethapur,2020,23.255,72.6265,0.366285,0.300628,6.008475,medium
grid_7_1,Pethapur,2021,23.255,72.6265,0.36291,0.315041,6.619636,medium
grid_7_1,Pethapur,2022,23.255,72.6265,0.356163,0.335371,10.022875,medium
grid_7_1,Pethapur,2023,23.255,72.6265,0.363109,0.345789,11.366867,medium
grid_7_1,Pethapur,2024,23.255,72.6265,0.370787,0.345045,12.011714,medium
grid_7_2,Green City,2016,23.255,72.6395,0.145521,0.565294,11.660176,high
grid_7_2,Green City,2017,23.255,72.6395,0.26018,0.622053,15.619086,high
grid_7_2,Green City,2018,23.255,72.6395,0.258864,0.628659,13.739441,high
grid_7_2,Green City,2019,23.255,72.6395,0.228695,0.615605,15.100454,high
grid_7_2,Green City,2020,23.255,72.6395,0.255161,0.616751,14.463703,high
grid_7_2,Green City,2021,23.255,72.6395,0.251008,0.628279,14.981426,high
grid_7_2,Green City,2022,23.255,72.6395,0.25029,0.625167,16.503151,high
grid_7_2,Green City,2023,23.255,72.6395,0.256938,0.640244,17.16223,high
grid_7_2,Green City,2024,23.255,72.6395,0.244847,0.633176,19.035154,high
grid_7_3,Sector 28 GIDC,2016,23.255,72.6525,0.156485,0.566931,11.926328,high
grid_7_3,Sector 28 GIDC,2017,23.255,72.6525,0.27728,0.611689,15.038621,high
grid_7_3,Sector 28 GIDC,2018,23.255,72.6525,0.273817,0.623293,13.902218,high
grid_7_3,Sector 28 GIDC,2019,23.255,72.6525,0.243074,0.613646,16.19272,high
grid_7_3,Sector 28 GIDC,2020,23.255,72.6525,0.273655,0.606634,15.818421,high
grid_7_3,Sector 28 GIDC,2021,23.255,72.6525,0.269739,0.620096,16.798112,high
grid_7_3,Sector 28 GIDC,2022,23.255,72.6525,0.26922,0.622074,16.795729,high
grid_7_3,Sector 28 GIDC,2023,23.255,72.6525,0.278034,0.6332,17.263373,high
grid_7_3,Sector 28 GIDC,2024,23.255,72.6525,0.281051,0.618088,17.617763,high
grid_7_4,Sector 17/ GEB Colony,2016,23.255,72.6655,0.17406,0.363475,15.381045,high
grid_7_4,Sector 17/ GEB Colony,2017,23.255,72.6655,0.357514,0.372439,14.487895,high
grid_7_4,Sector 17/ GEB Colony,2018,23.255,72.6655,0.361914,0.416261,14.23019,high
grid_7_4,Sector 17/ GEB Colony,2019,23.255,72.6655,0.31598,0.386958,17.268334,high
grid_7_4,Sector 17/ GEB Colony,2020,23.255,72.6655,0.357608,0.398666,16.917512,high
grid_7_4,Sector 17/ GEB Colony,2021,23.255,72.6655,0.350652,0.393617,17.994083,medium
grid_7_4,Sector 17/ GEB Colony,2022,23.255,72.6655,0.340728,0.409966,17.45286,high
grid_7_4,Sector 17/ GEB Colony,2023,23.255,72.6655,0.362484,0.417942,20.972452,high
grid_7_4,Sector 17/ GEB Colony,2024,23.255,72.6655,0.389034,0.421981,19.866825,high
grid_7_5,Sector 17,2016,23.255,72.6785,0.162047,0.342016,13.0976,high
grid_7_5,Sector 17,2017,23.255,72.6785,0.312523,0.338617,12.189259,medium
grid_7_5,Sector 17,2018,23.255,72.6785,0.320287,0.380985,10.578094,high
grid_7_5,Sector 17,2019,23.255,72.6785,0.265281,0.368412,12.835778,high
grid_7_5,Sector 17,2020,23.255,72.6785,0.298022,0.359756,14.215907,high
grid_7_5,Sector 17,2021,23.255,72.6785,0.299772,0.350366,16.608363,medium
grid_7_5,Sector 17,2022,23.255,72.6785,0.279775,0.351398,16.650672,medium
grid_7_5,Sector 17,2023,23.255,72.6785,0.269414,0.35145,19.65313,high
grid_7_5,Sector 17,2024,23.255,72.6785,0.266097,0.371233,19.295241,high
grid_7_6,Sector 17,2016,23.255,72.6915,0.222123,0.22389,4.727603,low
grid_7_6,Sector 17,2017,23.255,72.6915,0.471746,0.24788,4.288697,medium
grid_7_6,Sector 17,2018,23.255,72.6915,0.476093,0.289634,4.330694,medium
grid_7_6,Sector 17,2019,23.255,72.6915,0.404046,0.252698,4.811224,medium
grid_7_6,Sector 17,2020,23.255,72.6915,0.4788,0.252176,5.266516,low
grid_7_6,Sector 17,2021,23.255,72.6915,0.470074,0.267229,6.115155,low
grid_7_6,Sector 17,2022,23.255,72.6915,0.452912,0.28628,6.032868,medium
grid_7_6,Sector 17,2023,23.255,72.6915,0.452478,0.306425,8.155418,medium
grid_7_6,Sector 17,2024,23.255,72.6915,0.500679,0.332077,9.318958,medium
grid_7_7,Rural Fringe,2016,23.255,72.7045,0.232066,0.125061,2.661787,low
grid_7_7,Rural Fringe,2017,23.255,72.7045,0.44513,0.149718,2.837047,low
grid_7_7,Rural Fringe,2018,23.255,72.7045,0.440556,0.144251,2.988103,low
grid_7_7,Rural Fringe,2019,23.255,72.7045,0.398526,0.157865,3.292025,medium
grid_7_7,Rural Fringe,2020,23.255,72.7045,0.415324,0.159976,3.392241,low
grid_7_7,Rural Fringe,2021,23.255,72.7045,0.428796,0.172951,3.87839,medium
grid_7_7,Rural Fringe,2022,23.255,72.7045,0.430655,0.184967,4.111363,medium
grid_7_7,Rural Fringe,2023,23.255,72.7045,0.45974,0.200655,5.172754,medium
grid_7_7,Rural Fringe,2024,23.255,72.7045,0.462803,0.198235,6.095238,medium
grid_7_8,Rural Fringe,2016,23.255,72.7175,0.248797,0.11619,1.37186,low
grid_7_8,Rural Fringe,2017,23.255,72.7175,0.463701,0.141016,1.595235,low
grid_7_8,Rural Fringe,2018,23.255,72.7175,0.487735,0.139059,1.882398,low
grid_7_8,Rural Fringe,2019,23.255,72.7175,0.470622,0.145497,2.061286,low
grid_7_8,Rural Fringe,2020,23.255,72.7175,0.472357,0.140386,2.272877,low
grid_7_8,Rural Fringe,2021,23.255,72.7175,0.476045,0.151564,2.434117,low
grid_7_8,Rural Fringe,2022,23.255,72.7175,0.483887,0.161971,2.630125,low
grid_7_8,Rural Fringe,2023,23.255,72.7175,0.5166,0.173399,3.141169,low
grid_7_8,Rural Fringe,2024,23.255,72.7175,0.481072,0.165156,3.303784,medium
grid_7_9,Chiloda ,2016,23.255,72.7305,0.254254,0.068177,1.073835,low
grid_7_9,Chiloda ,2017,23.255,72.7305,0.460268,0.087597,1.27239,low
grid_7_9,Chiloda ,2018,23.255,72.7305,0.491518,0.083622,1.635407,low
grid_7_9,Chiloda ,2019,23.255,72.7305,0.460035,0.087783,1.69011,low
grid_7_9,Chiloda ,2020,23.255,72.7305,0.458467,0.086171,1.701879,low
grid_7_9,Chiloda ,2021,23.255,72.7305,0.460973,0.099965,2.012416,low
grid_7_9,Chiloda ,2022,23.255,72.7305,0.473104,0.10797,2.317893,low
grid_7_9,Chiloda ,2023,23.255,72.7305,0.494776,0.117813,2.719605,low
grid_7_9,Chiloda ,2024,23.255,72.7305,0.459613,0.116209,2.878612,medium
grid_8_0,Sector 28,2016,23.265,72.6135,0.22697,0.263593,2.693029,low
grid_8_0,Sector 28,2017,23.265,72.6135,0.43616,0.296107,3.288665,medium
grid_8_0,Sector 28,2018,23.265,72.6135,0.426602,0.295618,3.614827,medium
grid_8_0,Sector 28,2019,23.265,72.6135,0.40665,0.297179,3.543634,medium
grid_8_0,Sector 28,2020,23.265,72.6135,0.406272,0.294144,3.331114,low
grid_8_0,Sector 28,2021,23.265,72.6135,0.422411,0.303953,3.659299,low
grid_8_0,Sector 28,2022,23.265,72.6135,0.418028,0.316015,5.491207,medium
grid_8_0,Sector 28,2023,23.265,72.6135,0.408453,0.332089,6.298279,medium
grid_8_0,Sector 28,2024,23.265,72.6135,0.397828,0.325479,6.086218,medium
grid_8_1,Sector 28,2016,23.265,72.6265,0.21003,0.082691,2.191782,low
grid_8_1,Sector 28,2017,23.265,72.6265,0.429404,0.09375,2.690858,low
grid_8_1,Sector 28,2018,23.265,72.6265,0.433107,0.093163,2.834575,low
grid_8_1,Sector 28,2019,23.265,72.6265,0.362133,0.10909,3.027343,medium
grid_8_1,Sector 28,2020,23.265,72.6265,0.415553,0.10635,3.21654,low
grid_8_1,Sector 28,2021,23.265,72.6265,0.449137,0.112558,4.076153,medium
grid_8_1,Sector 28,2022,23.265,72.6265,0.432737,0.107932,5.515699,medium
grid_8_1,Sector 28,2023,23.265,72.6265,0.452896,0.113765,6.923001,medium
grid_8_1,Sector 28,2024,23.265,72.6265,0.460847,0.112938,6.992788,medium
grid_8_2,Sector 26,2016,23.265,72.6395,0.205911,0.193905,4.519044,low
grid_8_2,Sector 26,2017,23.265,72.6395,0.427385,0.22316,6.067927,medium
grid_8_2,Sector 26,2018,23.265,72.6395,0.454273,0.221279,5.780087,medium
grid_8_2,Sector 26,2019,23.265,72.6395,0.372214,0.217732,6.325641,medium
grid_8_2,Sector 26,2020,23.265,72.6395,0.393522,0.2257,7.265122,medium
grid_8_2,Sector 26,2021,23.265,72.6395,0.419307,0.254309,8.616743,medium
grid_8_2,Sector 26,2022,23.265,72.6395,0.394555,0.274141,10.082505,medium
grid_8_2,Sector 26,2023,23.265,72.6395,0.428508,0.282,11.909654,medium
grid_8_2,Sector 26,2024,23.265,72.6395,0.430018,0.293593,13.127416,medium
grid_8_3,Pethapur,2016,23.265,72.6525,0.254809,0.12797,4.049557,low
grid_8_3,Pethapur,2017,23.265,72.6525,0.481577,0.165088,4.545187,medium
grid_8_3,Pethapur,2018,23.265,72.6525,0.484729,0.172109,5.022784,medium
grid_8_3,Pethapur,2019,23.265,72.6525,0.449039,0.169212,5.720627,medium
grid_8_3,Pethapur,2020,23.265,72.6525,0.456213,0.171943,5.706174,medium
grid_8_3,Pethapur,2021,23.265,72.6525,0.466228,0.185807,6.997613,medium
grid_8_3,Pethapur,2022,23.265,72.6525,0.450126,0.203403,7.081058,medium
grid_8_3,Pethapur,2023,23.265,72.6525,0.473456,0.232952,8.431694,high
grid_8_3,Pethapur,2024,23.265,72.6525,0.46819,0.236856,8.668107,high
grid_8_4,Pethapur,2016,23.265,72.6655,0.190745,0.434923,6.388506,medium
grid_8_4,Pethapur,2017,23.265,72.6655,0.334943,0.479518,7.509175,high
grid_8_4,Pethapur,2018,23.265,72.6655,0.33054,0.488947,9.299619,high
grid_8_4,Pethapur,2019,23.265,72.6655,0.301453,0.485412,9.746099,high
grid_8_4,Pethapur,2020,23.265,72.6655,0.297251,0.497249,9.649021,high
grid_8_4,Pethapur,2021,23.265,72.6655,0.283209,0.519985,10.703511,high
grid_8_4,Pethapur,2022,23.265,72.6655,0.281319,0.535269,11.789626,high
grid_8_4,Pethapur,2023,23.265,72.6655,0.276203,0.555001,15.186539,high
grid_8_4,Pethapur,2024,23.265,72.6655,0.264749,0.575998,16.659566,high
grid_8_5,Pethapur,2016,23.265,72.6785,0.153506,0.362747,5.187079,medium
grid_8_5,Pethapur,2017,23.265,72.6785,0.265988,0.392413,6.899576,high
grid_8_5,Pethapur,2018,23.265,72.6785,0.269158,0.416248,7.498207,high
grid_8_5,Pethapur,2019,23.265,72.6785,0.225049,0.401166,8.128779,high
grid_8_5,Pethapur,2020,23.265,72.6785,0.277175,0.394297,8.221359,medium
grid_8_5,Pethapur,2021,23.265,72.6785,0.307226,0.405055,9.148849,medium
grid_8_5,Pethapur,2022,23.265,72.6785,0.285593,0.414933,9.92014,medium
grid_8_5,Pethapur,2023,23.265,72.6785,0.28395,0.423811,12.183029,high
grid_8_5,Pethapur,2024,23.265,72.6785,0.295834,0.415249,12.828537,medium
grid_8_6,Pethapur,2016,23.265,72.6915,0.182433,0.183847,1.967852,low
grid_8_6,Pethapur,2017,23.265,72.6915,0.350551,0.206026,2.71206,low
grid_8_6,Pethapur,2018,23.265,72.6915,0.351968,0.230207,2.947714,medium
grid_8_6,Pethapur,2019,23.265,72.6915,0.303219,0.226762,3.064858,medium
grid_8_6,Pethapur,2020,23.265,72.6915,0.35205,0.231719,3.354979,low
grid_8_6,Pethapur,2021,23.265,72.6915,0.364318,0.237358,3.673465,low
grid_8_6,Pethapur,2022,23.265,72.6915,0.358476,0.250781,3.830573,medium
grid_8_6,Pethapur,2023,23.265,72.6915,0.353888,0.262244,4.985705,medium
grid_8_6,Pethapur,2024,23.265,72.6915,0.35972,0.266844,5.71575,medium
grid_8_7,Lekawada village,2016,23.265,72.7045,0.246074,0.067547,1.025355,low
grid_8_7,Lekawada village,2017,23.265,72.7045,0.503072,0.082296,1.404873,low
grid_8_7,Lekawada village,2018,23.265,72.7045,0.491877,0.09297,1.634893,low
grid_8_7,Lekawada village,2019,23.265,72.7045,0.449393,0.100545,1.808901,low
grid_8_7,Lekawada village,2020,23.265,72.7045,0.465955,0.096717,1.872537,low
grid_8_7,Lekawada village,2021,23.265,72.7045,0.469887,0.10717,2.202212,low
grid_8_7,Lekawada village,2022,23.265,72.7045,0.461839,0.109053,2.388174,low
grid_8_7,Lekawada village,2023,23.265,72.7045,0.490907,0.112947,2.984146,low
grid_8_7,Lekawada village,2024,23.265,72.7045,0.487547,0.103248,3.397585,low
grid_8_8,Bhundiya Fringe,2016,23.265,72.7175,0.25977,0.0544,0.803745,low
grid_8_8,Bhundiya Fringe,2017,23.265,72.7175,0.462403,0.067624,1.097903,low
grid_8_8,Bhundiya Fringe,2018,23.265,72.7175,0.484262,0.060321,1.3532,low
grid_8_8,Bhundiya Fringe,2019,23.265,72.7175,0.468805,0.066852,1.406021,low
grid_8_8,Bhundiya Fringe,2020,23.265,72.7175,0.463718,0.061738,1.432968,low
grid_8_8,Bhundiya Fringe,2021,23.265,72.7175,0.452079,0.068394,1.635862,low
grid_8_8,Bhundiya Fringe,2022,23.265,72.7175,0.473279,0.077114,1.765607,low
grid_8_8,Bhundiya Fringe,2023,23.265,72.7175,0.500637,0.081896,2.104479,low
grid_8_8,Bhundiya Fringe,2024,23.265,72.7175,0.465731,0.077658,2.282153,low
grid_8_9,NH-8,2016,23.265,72.7305,0.266787,0.164313,1.041012,low
grid_8_9,NH-8,2017,23.265,72.7305,0.502005,0.184152,1.500947,low
grid_8_9,NH-8,2018,23.265,72.7305,0.501072,0.183822,1.975841,low
grid_8_9,NH-8,2019,23.265,72.7305,0.478217,0.190634,2.287798,low
grid_8_9,NH-8,2020,23.265,72.7305,0.466943,0.183743,2.072376,low
grid_8_9,NH-8,2021,23.265,72.7305,0.469536,0.190366,2.159901,low
grid_8_9,NH-8,2022,23.265,72.7305,0.483857,0.189969,2.479885,low
grid_8_9,NH-8,2023,23.265,72.7305,0.510098,0.196876,2.61488,low
grid_8_9,NH-8,2024,23.265,72.7305,0.468784,0.194041,2.842563,low
grid_9_0,Kolavda ,2016,23.275,72.6135,0.241505,0.118489,1.244932,low
grid_9_0,Kolavda ,2017,23.275,72.6135,0.495664,0.121161,2.001494,low
grid_9_0,Kolavda ,2018,23.275,72.6135,0.47882,0.129969,1.794634,low
grid_9_0,Kolavda ,2019,23.275,72.6135,0.44281,0.127948,2.227695,low
grid_9_0,Kolavda ,2020,23.275,72.6135,0.446958,0.13466,2.351874,low
grid_9_0,Kolavda ,2021,23.275,72.6135,0.481937,0.137629,2.468092,low
grid_9_0,Kolavda ,2022,23.275,72.6135,0.479913,0.139627,2.509492,low
grid_9_0,Kolavda ,2023,23.275,72.6135,0.479967,0.156159,2.871009,low
grid_9_0,Kolavda ,2024,23.275,72.6135,0.471904,0.151195,3.301475,low
grid_9_1,Kolavda ,2016,23.275,72.6265,0.238813,0.067225,1.025702,low
grid_9_1,Kolavda ,2017,23.275,72.6265,0.45854,0.074164,1.46702,low
grid_9_1,Kolavda ,2018,23.275,72.6265,0.44858,0.080388,1.580266,low
grid_9_1,Kolavda ,2019,23.275,72.6265,0.399376,0.083922,1.595646,low
grid_9_1,Kolavda ,2020,23.275,72.6265,0.449537,0.078464,1.713226,low
grid_9_1,Kolavda ,2021,23.275,72.6265,0.455814,0.087143,1.927698,low
grid_9_1,Kolavda ,2022,23.275,72.6265,0.441412,0.085294,2.033484,low
grid_9_1,Kolavda ,2023,23.275,72.6265,0.463574,0.084869,2.351529,low
grid_9_1,Kolavda ,2024,23.275,72.6265,0.457896,0.081187,2.902628,low
grid_9_2,Randheja,2016,23.275,72.6395,0.185,0.127604,2.191416,low
grid_9_2,Randheja,2017,23.275,72.6395,0.353231,0.157725,2.494027,low
grid_9_2,Randheja,2018,23.275,72.6395,0.350427,0.14578,2.451511,low
grid_9_2,Randheja,2019,23.275,72.6395,0.300022,0.153671,2.772255,low
grid_9_2,Randheja,2020,23.275,72.6395,0.349389,0.158691,2.77719,low
grid_9_2,Randheja,2021,23.275,72.6395,0.375885,0.170389,3.526046,low
grid_9_2,Randheja,2022,23.275,72.6395,0.335601,0.176911,5.22184,medium
grid_9_2,Randheja,2023,23.275,72.6395,0.335319,0.195337,6.353524,medium
grid_9_2,Randheja,2024,23.275,72.6395,0.33766,0.195163,7.270434,medium
grid_9_3,Randheja,2016,23.275,72.6525,0.248509,0.119992,2.086338,low
grid_9_3,Randheja,2017,23.275,72.6525,0.4743,0.143121,2.302342,medium
grid_9_3,Randheja,2018,23.275,72.6525,0.476284,0.144328,2.495292,low
grid_9_3,Randheja,2019,23.275,72.6525,0.448618,0.15505,2.646216,medium
grid_9_3,Randheja,2020,23.275,72.6525,0.459008,0.171162,2.817697,low
grid_9_3,Randheja,2021,23.275,72.6525,0.448734,0.196158,3.46707,medium
grid_9_3,Randheja,2022,23.275,72.6525,0.43846,0.214435,4.838438,medium
grid_9_3,Randheja,2023,23.275,72.6525,0.45053,0.230569,6.163257,medium
grid_9_3,Randheja,2024,23.275,72.6525,0.434344,0.242307,6.77103,medium
grid_9_4,Dashela,2016,23.275,72.6655,0.252076,0.158724,1.896337,low
grid_9_4,Dashela,2017,23.275,72.6655,0.515677,0.18221,2.384999,medium
grid_9_4,Dashela,2018,23.275,72.6655,0.488836,0.201068,3.3783,medium
grid_9_4,Dashela,2019,23.275,72.6655,0.465426,0.205944,3.197511,medium
grid_9_4,Dashela,2020,23.275,72.6655,0.439917,0.220983,3.195359,medium
grid_9_4,Dashela,2021,23.275,72.6655,0.443371,0.248296,3.972826,medium
grid_9_4,Dashela,2022,23.275,72.6655,0.427252,0.261806,4.707604,medium
grid_9_4,Dashela,2023,23.275,72.6655,0.434509,0.279514,6.239728,medium
grid_9_4,Dashela,2024,23.275,72.6655,0.426544,0.30584,7.536434,medium
grid_9_5,Dashela,2016,23.275,72.6785,0.220388,0.20949,1.796831,low
grid_9_5,Dashela,2017,23.275,72.6785,0.435569,0.253069,2.316371,medium
grid_9_5,Dashela,2018,23.275,72.6785,0.431803,0.260575,4.003505,medium
grid_9_5,Dashela,2019,23.275,72.6785,0.368379,0.23856,3.213524,medium
grid_9_5,Dashela,2020,23.275,72.6785,0.408537,0.257302,2.999728,low
grid_9_5,Dashela,2021,23.275,72.6785,0.40987,0.259697,4.128074,low
grid_9_5,Dashela,2022,23.275,72.6785,0.376691,0.269546,4.72606,medium
grid_9_5,Dashela,2023,23.275,72.6785,0.378387,0.26201,6.529752,medium
grid_9_5,Dashela,2024,23.275,72.6785,0.400114,0.262906,7.839924,medium
grid_9_6,Dashela,2016,23.275,72.6915,0.208818,0.17158,1.020101,low
grid_9_6,Dashela,2017,23.275,72.6915,0.389791,0.167114,1.335857,low
grid_9_6,Dashela,2018,23.275,72.6915,0.361644,0.186986,1.572384,medium
grid_9_6,Dashela,2019,23.275,72.6915,0.302804,0.158442,1.726273,low
grid_9_6,Dashela,2020,23.275,72.6915,0.376704,0.170347,1.777653,low
grid_9_6,Dashela,2021,23.275,72.6915,0.375097,0.152853,2.072672,low
grid_9_6,Dashela,2022,23.275,72.6915,0.349913,0.14814,2.21397,low
grid_9_6,Dashela,2023,23.275,72.6915,0.337688,0.151139,2.864164,low
grid_9_6,Dashela,2024,23.275,72.6915,0.385718,0.153013,3.094054,low
grid_9_7,Lekawada ,2016,23.275,72.7045,0.210686,0.162466,0.786757,low
grid_9_7,Lekawada ,2017,23.275,72.7045,0.428532,0.17532,1.039676,low
grid_9_7,Lekawada ,2018,23.275,72.7045,0.423675,0.186205,1.221588,low
grid_9_7,Lekawada ,2019,23.275,72.7045,0.376311,0.185624,1.53728,low
grid_9_7,Lekawada ,2020,23.275,72.7045,0.409527,0.190575,1.527261,low
grid_9_7,Lekawada ,2021,23.275,72.7045,0.415266,0.199069,1.644055,low
grid_9_7,Lekawada ,2022,23.275,72.7045,0.419391,0.212731,1.700136,low
grid_9_7,Lekawada ,2023,23.275,72.7045,0.41129,0.216658,2.020162,low
grid_9_7,Lekawada ,2024,23.275,72.7045,0.432067,0.209709,2.22687,low
grid_9_8,Bhundiya  ,2016,23.275,72.7175,0.274918,0.063111,0.649945,low
grid_9_8,Bhundiya  ,2017,23.275,72.7175,0.509359,0.065646,0.889117,low
grid_9_8,Bhundiya  ,2018,23.275,72.7175,0.560136,0.059206,1.018127,low
grid_9_8,Bhundiya  ,2019,23.275,72.7175,0.495504,0.06536,1.150729,low
grid_9_8,Bhundiya  ,2020,23.275,72.7175,0.510023,0.062593,1.178713,low
grid_9_8,Bhundiya  ,2021,23.275,72.7175,0.50938,0.070413,1.312845,low
grid_9_8,Bhundiya  ,2022,23.275,72.7175,0.517284,0.075805,1.372805,low
grid_9_8,Bhundiya  ,2023,23.275,72.7175,0.543055,0.078362,1.614674,low
grid_9_8,Bhundiya  ,2024,23.275,72.7175,0.499563,0.082043,1.730757,low
grid_9_9,New Indiranagar,2016,23.275,72.7305,0.272066,0.162083,0.922673,low
grid_9_9,New Indiranagar,2017,23.275,72.7305,0.523483,0.171572,1.185755,low
grid_9_9,New Indiranagar,2018,23.275,72.7305,0.53583,0.174364,1.453806,low
grid_9_9,New Indiranagar,2019,23.275,72.7305,0.484725,0.178074,1.61103,low
grid_9_9,New Indiranagar,2020,23.275,72.7305,0.478772,0.178539,1.589868,low
grid_9_9,New Indiranagar,2021,23.275,72.7305,0.476481,0.185159,1.800684,low
grid_9_9,New Indiranagar,2022,23.275,72.7305,0.496685,0.197867,2.017366,low
grid_9_9,New Indiranagar,2023,23.275,72.7305,0.522155,0.204444,2.106917,low
grid_9_9,New Indiranagar,2024,23.275,72.7305,0.474732,0.199734,2.282925,low
